City_ID,City,Country,Lat,Lng,Max Temp,Humidity,Cloudiness,Wind Speed,Current Description
0,Zaranj,AF,30.9667,61.8833,60.76,29,0,26.22,clear sky
1,Butaritari,KI,3.0707,172.7902,82.24,75,12,12.41,few clouds
2,Punta Arenas,CL,-53.15,-70.9167,41.11,60,0,9.22,clear sky
3,Hobart,AU,-42.8794,147.3294,61.02,66,75,1.99,broken clouds
4,Rikitea,PF,-23.1203,-134.9692,74.68,77,100,10.33,overcast clouds
5,Hofn,IS,64.2539,-15.2082,47.62,94,90,5.03,overcast clouds
6,Puerto Ayora,EC,-0.7393,-90.3518,69.55,92,100,10.0,overcast clouds
7,Kidal,ML,18.4411,1.4078,81.86,11,2,11.81,clear sky
8,Isabela,PH,6.7085,121.9711,82.45,79,100,1.59,overcast clouds
9,Big Spring,US,32.2504,-101.4787,87.28,28,1,5.99,clear sky
10,Kapaa,US,22.0752,-159.319,82.38,72,75,5.99,light rain
11,Kahului,US,20.8947,-156.47,86.02,69,40,19.57,scattered clouds
12,Vaini,TO,-21.2,-175.2,82.56,83,20,6.91,few clouds
13,Sambava,MG,-14.2667,50.1667,71.22,78,12,14.36,few clouds
14,Chumikan,RU,54.7183,135.315,44.85,55,80,18.03,broken clouds
15,Busselton,AU,-33.65,115.3333,56.05,51,69,9.4,broken clouds
16,Pevek,RU,69.7008,170.3133,25.25,76,100,0.81,overcast clouds
17,Yeppoon,AU,-23.1333,150.7333,82.18,67,0,12.44,clear sky
18,Bethel,US,41.3712,-73.414,67.35,88,75,0.0,broken clouds
19,Kloulklubed,PW,7.0419,134.2556,84.36,79,98,20.69,overcast clouds
20,Saint-Joseph,RE,-21.3667,55.6167,68.38,79,49,14.97,light rain
21,Kodiak,US,57.79,-152.4072,53.11,50,20,9.22,few clouds
22,Mataura,NZ,-46.1927,168.8643,54.48,65,70,5.03,broken clouds
23,Albany,US,42.6001,-73.9662,65.44,90,100,1.01,overcast clouds
24,Porto Novo,BJ,6.4965,2.6036,80.42,89,100,5.48,light rain
25,Meulaboh,ID,4.1363,96.1285,78.89,82,100,3.36,overcast clouds
26,Tuktoyaktuk,CA,69.4541,-133.0374,30.2,93,90,3.44,overcast clouds
27,Kavieng,PG,-2.5744,150.7967,82.51,76,88,6.17,moderate rain
28,Carnarvon,AU,-24.8667,113.6333,64.47,48,0,21.85,clear sky
29,Mlonggo,ID,-6.5333,110.7,82.29,57,99,10.87,overcast clouds
30,Grindavik,IS,63.8424,-22.4338,47.89,100,75,11.5,broken clouds
31,Monte Carmelo,BR,-18.7247,-47.4986,71.37,78,100,8.66,overcast clouds
32,Mehamn,NO,71.0357,27.8492,36.61,72,100,9.95,overcast clouds
33,Berdigestyakh,RU,62.0989,126.6992,34.65,87,100,8.86,overcast clouds
34,Hermanus,ZA,-34.4187,19.2345,59.81,86,7,11.86,clear sky
35,Iralaya,HN,15.0,-83.2333,82.49,85,99,9.06,overcast clouds
36,Khatanga,RU,71.9667,102.5,16.9,97,99,3.31,overcast clouds
37,Vila Velha,BR,-20.3297,-40.2925,69.75,78,75,4.61,broken clouds
38,Ushuaia,AR,-54.8,-68.3,40.66,65,40,21.85,scattered clouds
39,Klaksvik,FO,62.2266,-6.589,50.92,98,100,12.84,overcast clouds
40,Qaanaaq,GL,77.484,-69.3632,21.22,75,89,8.3,overcast clouds
41,Sorland,NO,67.667,12.6934,51.93,86,100,18.54,overcast clouds
42,Esperance,AU,-33.8667,121.9,57.04,60,99,15.03,overcast clouds
43,Kruisfontein,ZA,-34.0033,24.7314,56.88,71,100,15.43,overcast clouds
44,Rusape,ZW,-18.5278,32.1284,59.99,74,0,5.28,clear sky
45,Cape Town,ZA,-33.9258,18.4232,58.12,93,20,4.61,few clouds
46,Coahuayana,MX,18.7333,-103.6833,81.16,87,97,1.79,overcast clouds
47,Ponta Do Sol,PT,32.6667,-17.1,72.23,76,98,3.06,overcast clouds
48,Jamestown,US,42.097,-79.2353,69.44,77,90,4.61,overcast clouds
49,Nabire,ID,-3.3667,135.4833,86.99,66,62,2.62,broken clouds
50,Tsagan Aman,RU,47.5639,46.7218,39.0,38,0,7.0,clear sky
51,Nhamunda,BR,-2.1861,-56.7131,79.41,74,87,3.53,overcast clouds
52,Bredasdorp,ZA,-34.5322,20.0403,60.12,72,72,10.36,broken clouds
53,Sabang,ID,5.8933,95.3214,82.31,75,100,19.62,overcast clouds
54,Arraial Do Cabo,BR,-22.9661,-42.0278,67.96,73,75,2.3,broken clouds
55,Provideniya,RU,64.3833,-173.3,36.01,83,100,11.12,overcast clouds
56,Abbeville,FR,50.1,1.8333,51.49,91,6,5.41,clear sky
57,New Norfolk,AU,-42.7826,147.0587,60.66,61,92,1.99,overcast clouds
58,Boa Vista,BR,2.8197,-60.6733,78.78,83,40,3.44,scattered clouds
59,Port Keats,AU,-14.25,129.55,87.84,56,7,9.86,clear sky
60,Leku,ET,6.8667,38.45,59.9,92,95,2.17,light rain
61,Ribeira Grande,PT,38.5167,-28.7,69.78,64,67,7.61,broken clouds
62,Saint-Philippe,RE,-21.3585,55.7679,69.39,81,94,15.48,light rain
63,Lagoa,PT,39.05,-27.9833,68.45,65,1,7.43,clear sky
64,Moron,AR,-34.6534,-58.6198,57.96,62,5,3.0,clear sky
65,Mayor Pablo Lagerenza,PY,-19.9309,-60.7718,86.54,46,16,9.06,few clouds
66,Hasaki,JP,35.7333,140.8333,77.4,86,100,16.55,overcast clouds
67,Caravelas,BR,-17.7125,-39.2481,74.17,73,95,11.1,overcast clouds
68,Ust-Omchug,RU,61.15,149.6333,17.73,83,23,1.41,few clouds
69,Ariquemes,BR,-9.9133,-63.0408,73.72,90,99,2.33,overcast clouds
70,Bengkulu,ID,-3.8004,102.2655,79.95,77,21,5.61,few clouds
71,Atuona,PF,-9.8,-139.0333,78.01,73,16,13.53,few clouds
72,Puerto Ayacucho,VE,5.6639,-67.6236,76.75,90,100,4.56,overcast clouds
73,Kajaani,FI,64.2273,27.7285,48.25,93,90,10.36,overcast clouds
74,Codrington,AU,-38.2667,141.9667,63.75,54,80,10.69,broken clouds
75,Mount Isa,AU,-20.7333,139.5,94.77,13,4,14.97,clear sky
76,East London,ZA,-33.0153,27.9116,62.96,75,100,8.52,overcast clouds
77,Aklavik,CA,68.2191,-135.0107,32.83,82,22,4.79,few clouds
78,Mogadouro,PT,41.3403,-6.7119,59.97,50,100,2.26,overcast clouds
79,Poum,NC,-20.2333,164.0167,73.18,67,10,6.13,clear sky
80,Saint Anthony,US,45.0205,-93.218,69.69,83,1,1.01,clear sky
81,Nikolskoye,RU,59.7035,30.7861,50.02,68,100,6.89,overcast clouds
82,Flin Flon,CA,54.7682,-101.865,45.59,43,0,5.46,clear sky
83,Manaure,CO,11.7751,-72.4445,84.76,70,6,17.92,clear sky
84,Terme,TR,41.2092,36.9739,58.96,84,100,4.03,overcast clouds
85,Barrow,US,71.2906,-156.7887,30.22,86,90,14.97,light snow
86,Tripoli,LY,32.8752,13.1875,72.23,58,0,5.7,clear sky
87,Lebu,CL,-37.6167,-73.65,49.93,93,6,8.08,clear sky
88,Isangel,VU,-19.55,169.2667,78.91,69,75,9.22,broken clouds
89,Laguna,US,38.421,-121.4238,70.05,41,1,5.99,clear sky
90,Zhigansk,RU,66.7697,123.3711,27.64,95,100,25.34,snow
91,Agua Dulce,MX,18.1333,-94.1333,82.18,89,97,7.56,overcast clouds
92,Bluff,NZ,-46.6,168.3333,54.81,58,7,10.96,clear sky
93,Arona,ES,28.0996,-16.681,65.32,72,20,6.91,few clouds
94,Tongzi,CN,28.7829,105.0877,65.8,88,100,4.14,overcast clouds
95,Port Alfred,ZA,-33.5906,26.891,62.49,73,100,14.12,overcast clouds
96,Hilo,US,19.7297,-155.09,82.13,77,90,16.11,light rain
97,Davila,PH,18.4726,120.5763,80.58,72,100,7.92,overcast clouds
98,Chuy,UY,-33.6971,-53.4616,52.66,74,98,7.76,overcast clouds
99,Pine Hill,US,39.7843,-74.9921,70.56,86,55,4.94,broken clouds
100,Awjilah,LY,29.1081,21.2869,74.79,27,0,10.27,clear sky
101,Bogalusa,US,30.791,-89.8487,78.55,83,1,0.0,clear sky
102,Ilula,TZ,-7.6766,36.0366,60.06,86,2,4.9,clear sky
103,Bukama,CD,-9.2,25.85,73.4,39,3,2.3,clear sky
104,Port Lincoln,AU,-34.7333,135.8667,60.66,60,94,13.85,overcast clouds
105,Stettler,CA,52.3168,-112.7186,53.44,24,2,6.91,clear sky
106,Snasa,NO,64.2457,12.3778,51.44,96,88,3.4,overcast clouds
107,Asau,RO,46.4333,26.4,43.72,61,100,5.37,overcast clouds
108,Ashqelon,IL,31.6693,34.5715,73.4,63,0,8.61,clear sky
109,Tilichiki,RU,60.4667,166.1,32.67,50,98,8.75,overcast clouds
110,Castro,BR,-24.7911,-50.0119,57.04,93,100,10.18,overcast clouds
111,Portland,US,45.5234,-122.6762,61.45,62,75,3.44,broken clouds
112,Magistralnyy,RU,56.1725,107.4458,35.15,81,99,6.46,overcast clouds
113,Clyde River,CA,70.4692,-68.5914,32.23,100,90,10.36,overcast clouds
114,Avarua,CK,-21.2078,-159.775,77.05,69,90,4.61,overcast clouds
115,Avera,US,33.194,-82.5271,73.27,89,3,1.72,clear sky
116,Nicoya,CR,10.1483,-85.452,72.95,93,100,1.72,overcast clouds
117,Atchison,US,39.563,-95.1216,79.03,65,91,4.18,overcast clouds
118,Lata,PT,40.1629,-8.3327,62.08,90,80,1.66,broken clouds
119,Nome,US,64.5011,-165.4064,41.07,75,90,16.11,overcast clouds
120,Santa Rosa,PH,14.3122,121.1114,84.18,74,99,4.92,overcast clouds
121,Norman Wells,CA,65.282,-126.8329,37.44,81,75,5.75,broken clouds
122,Cidreira,BR,-30.1811,-50.2056,63.79,76,100,16.11,overcast clouds
123,Tarata,BO,-17.6167,-66.0167,65.62,62,10,6.13,clear sky
124,Nyurba,RU,63.2842,118.3319,36.25,71,100,10.67,overcast clouds
125,Mogzon,RU,51.7435,111.9606,33.46,66,100,8.05,overcast clouds
126,Burnie,AU,-41.0667,145.9167,60.94,70,91,13.35,overcast clouds
127,Urmary,RU,55.6789,47.944,39.18,83,3,6.53,clear sky
128,Owando,CG,-0.4819,15.8999,72.52,93,98,2.48,overcast clouds
129,Georgetown,MY,5.4112,100.3354,80.89,91,20,3.0,few clouds
130,Campanha,BR,-21.8361,-45.4006,64.15,82,28,6.44,scattered clouds
131,Hualmay,PE,-11.0964,-77.6139,63.37,88,42,11.99,scattered clouds
132,Omboue,GA,-1.5746,9.2618,76.98,90,100,9.51,light rain
133,Longyearbyen,SJ,78.2186,15.6401,17.44,73,0,10.36,clear sky
134,Sola,VU,-13.8833,167.55,83.07,84,75,0.0,broken clouds
135,Loding,NO,67.3,14.75,50.65,93,75,4.0,broken clouds
136,Kita,ML,13.0349,-9.4895,78.49,74,100,3.02,overcast clouds
137,Upernavik,GL,72.7868,-56.1549,25.59,60,21,8.41,few clouds
138,Vanavara,RU,60.34,102.2797,35.56,96,100,14.18,light rain
139,Gushikawa,JP,26.3544,127.8686,82.4,85,20,13.8,mist
140,Nanortalik,GL,60.1432,-45.2371,37.15,63,0,6.13,clear sky
141,Tautira,PF,-17.7333,-149.15,82.42,72,45,0.92,scattered clouds
142,Kaitangata,NZ,-46.2817,169.8464,50.95,90,100,6.22,overcast clouds
143,Karratha,AU,-20.7377,116.8463,84.63,20,0,8.97,clear sky
144,Marsa Matruh,EG,31.3525,27.2453,64.6,77,0,0.0,clear sky
145,Yellowknife,CA,62.456,-114.3525,42.42,84,75,6.91,broken clouds
146,Saint George,US,37.1041,-113.5841,63.63,86,20,1.99,few clouds
147,Camacha,PT,33.0833,-16.3333,68.76,73,40,10.36,scattered clouds
148,Ostersund,SE,63.1792,14.6357,52.61,100,90,3.44,overcast clouds
149,Odesskoye,RU,54.2111,72.9651,38.12,68,5,12.15,clear sky
150,Tuatapere,NZ,-46.1333,167.6833,54.82,51,19,5.28,few clouds
151,Vanimo,PG,-2.6741,141.3028,85.95,70,99,8.1,overcast clouds
152,Port Elizabeth,ZA,-33.918,25.5701,59.09,74,82,14.34,broken clouds
153,Sakakah,SA,29.9697,40.2064,76.57,23,4,11.34,clear sky
154,Sawakin,SD,19.1059,37.3321,82.6,69,99,0.65,overcast clouds
155,Raudeberg,NO,61.9875,5.1352,58.19,93,100,4.0,overcast clouds
156,Lavrentiya,RU,65.5833,-171.0,35.15,84,100,18.37,overcast clouds
157,Padang,ID,-0.9492,100.3543,78.85,76,85,2.91,overcast clouds
158,Conde,BR,-7.2597,-34.9075,76.46,88,20,8.05,few clouds
159,Aguas Vermelhas,BR,-15.7472,-41.46,68.07,90,96,5.61,overcast clouds
160,Katsuura,JP,35.1333,140.3,80.19,80,93,11.7,overcast clouds
161,Beeville,US,28.4008,-97.7483,80.74,78,1,6.91,clear sky
162,Haysville,US,37.5645,-97.3523,82.72,53,1,3.44,clear sky
163,San Cristobal,VE,7.7669,-72.225,73.58,89,91,2.04,overcast clouds
164,Tabuny,RU,52.7773,78.7896,37.71,83,6,11.52,clear sky
165,Camacupa,AO,-12.0167,17.4833,67.51,51,67,2.71,broken clouds
166,Pimenta Bueno,BR,-11.6725,-61.1936,75.18,90,94,3.09,overcast clouds
167,Churapcha,RU,62.0025,132.4325,31.21,80,100,5.82,overcast clouds
168,Narsaq,GL,60.9167,-46.05,37.62,50,0,6.58,clear sky
169,Bongandanga,CD,1.5,21.05,70.07,97,100,1.81,overcast clouds
170,Bumba,CD,2.1833,22.4667,71.06,95,100,0.51,overcast clouds
171,Itarema,BR,-2.9248,-39.9167,79.27,81,84,14.0,broken clouds
172,San Patricio,US,28.017,-97.5169,81.28,63,5,7.52,clear sky
173,Kimbe,PG,-5.5502,150.1429,87.71,64,100,5.7,light rain
174,Thompson,CA,55.7435,-97.8558,41.16,70,20,0.0,few clouds
175,Concepcion Del Oro,MX,24.6333,-101.4167,68.41,28,0,5.82,clear sky
176,Codroipo,IT,45.96,12.9792,55.8,79,0,5.46,clear sky
177,Coihaique,CL,-45.5752,-72.0662,51.75,66,75,3.44,broken clouds
178,Kysyl-Syr,RU,63.8986,122.7617,33.4,95,100,8.55,overcast clouds
179,Chak Jhumra,PK,31.5678,73.1835,75.83,50,0,7.09,clear sky
180,Vangaindrano,MG,-23.35,47.6,66.56,77,100,5.48,overcast clouds
181,Victoria Point,AU,-27.5833,153.3,83.48,68,2,3.0,clear sky
182,Huaihua,CN,27.5494,109.9592,65.28,82,100,5.53,overcast clouds
183,Kiama,AU,-34.6833,150.8667,76.24,55,96,8.99,overcast clouds
184,Beringovskiy,RU,63.05,179.3167,32.9,98,100,15.26,snow
185,Asosa,ET,10.0667,34.5333,60.8,93,91,4.79,light rain
186,Mumbwa,ZM,-14.9783,27.0619,70.66,44,3,6.33,clear sky
187,Faya,SA,18.3851,42.4509,66.31,59,88,5.82,overcast clouds
188,Ancud,CL,-41.8697,-73.8203,48.42,89,0,2.53,clear sky
189,Kungurtug,RU,50.5994,97.5228,23.27,81,48,0.78,scattered clouds
190,Fort Nelson,CA,58.8053,-122.7002,53.19,35,75,5.75,broken clouds
191,Mar Del Plata,AR,-38.0023,-57.5575,55.13,65,0,5.99,clear sky
192,Saskylakh,RU,71.9167,114.0833,10.17,99,86,2.62,overcast clouds
193,Souillac,MU,-20.5167,57.5167,68.38,88,75,2.3,broken clouds
194,Jieshi,CN,22.8134,115.8257,77.95,88,100,26.98,light rain
195,Sioux Lookout,CA,50.1001,-91.917,64.78,88,75,2.3,broken clouds
196,Riyadh,SA,24.6877,46.7219,75.34,22,0,5.61,clear sky
197,Vidim,RU,56.4088,103.1106,34.77,96,100,9.42,overcast clouds
198,Coolum Beach,AU,-26.5333,153.1,80.33,67,0,7.65,clear sky
199,Tasiilaq,GL,65.6145,-37.6368,35.76,80,100,8.55,overcast clouds
200,Herat,AF,34.5,62.0,43.27,34,0,14.25,clear sky
201,Mahebourg,MU,-20.4081,57.7,68.29,88,75,2.3,light rain
202,Quatre Cocos,MU,-20.2078,57.7625,68.11,78,32,13.91,scattered clouds
203,Skelleftea,SE,64.7507,20.9528,44.96,100,9,3.44,fog
204,Novaya Zaimka,RU,56.4857,66.9241,36.64,77,95,10.18,overcast clouds
205,San Quintin,MX,30.4833,-115.95,68.83,75,6,22.41,clear sky
206,Bokhan,RU,53.153,103.7714,35.4,91,89,4.29,overcast clouds
207,Mandalgovi,MN,45.7625,106.2708,29.37,92,100,25.37,light snow
208,College,US,64.8569,-147.8028,42.75,77,75,6.91,broken clouds
209,Torbay,CA,47.6666,-52.7314,46.58,78,75,23.02,light rain
210,Moose Factory,CA,51.2585,-80.6094,62.6,77,75,5.75,broken clouds
211,Gimli,CA,50.6336,-96.9907,54.43,87,100,8.05,overcast clouds
212,Dikson,RU,73.5069,80.5464,27.9,81,100,26.06,light snow
213,Trelew,AR,-43.249,-65.3051,67.14,20,93,3.44,overcast clouds
214,Kaniama,CD,-7.5667,24.1833,69.19,78,3,1.36,clear sky
215,Aden,YE,12.7794,45.0367,83.75,71,100,16.49,overcast clouds
216,Chalinze,TZ,-6.6378,38.354,67.73,92,2,1.12,clear sky
217,Carahue,CL,-38.7,-73.1667,52.0,99,14,2.13,few clouds
218,Bambous Virieux,MU,-20.3428,57.7575,68.25,88,75,2.3,light rain
219,Faanui,PF,-16.4833,-151.75,78.51,69,23,3.29,few clouds
220,Tandil,AR,-37.3217,-59.1332,51.31,67,100,3.85,overcast clouds
221,Kudahuvadhoo,MV,2.6708,72.8944,83.7,67,100,12.82,overcast clouds
222,Aransas Pass,US,27.9095,-97.15,80.83,72,1,7.0,clear sky
223,Fare,PF,-16.7,-151.0167,78.26,69,0,3.24,clear sky
224,Geraldton,AU,-28.7667,114.6,63.01,55,4,12.66,clear sky
225,Clarence Town,AU,-32.5833,151.7833,85.06,28,5,4.16,clear sky
226,Chernyshevskiy,RU,63.0128,112.4714,33.6,92,100,12.75,overcast clouds
227,Lorengau,PG,-2.0226,147.2712,85.64,61,98,7.92,overcast clouds
228,Udachnyy,RU,66.4167,112.4,34.25,95,100,20.78,light rain
229,Deputatskiy,RU,69.3,139.9,16.43,87,58,3.36,broken clouds
230,Zhumadian,CN,32.9794,114.0294,60.46,86,100,8.3,overcast clouds
231,Varzelandia,BR,-15.7014,-44.0275,75.34,61,23,14.27,moderate rain
232,Atlantic City,US,39.3643,-74.4229,68.99,86,75,0.0,broken clouds
233,Toktogul,KG,41.8708,72.9402,53.76,62,100,3.04,overcast clouds
234,Chapar,IN,26.2667,90.4667,78.3,86,5,1.61,light rain
235,Voyvozh,RU,62.892,54.9635,33.58,79,100,8.1,overcast clouds
236,Coquimbo,CL,-29.9533,-71.3436,56.93,76,0,8.05,clear sky
237,Shingu,JP,33.7333,135.9833,77.99,68,52,7.65,broken clouds
238,Fukue,JP,32.6881,128.8419,79.16,83,0,4.61,clear sky
239,Xingyi,CN,24.1877,102.817,62.65,80,18,2.93,few clouds
240,Constitucion,CL,-35.3333,-72.4167,50.95,77,32,7.47,scattered clouds
241,Naze,JP,28.3667,129.4833,81.52,83,37,18.88,scattered clouds
242,Flinders,AU,-34.5833,150.8552,77.05,59,90,3.0,overcast clouds
243,Yerbogachen,RU,61.2767,108.0108,34.56,96,100,13.56,overcast clouds
244,Hervey Bay,AU,-25.2986,152.8535,80.04,65,0,7.14,clear sky
245,Wagar,SD,16.1525,36.2032,87.26,32,47,2.71,scattered clouds
246,Victoria,HK,22.2855,114.1577,82.45,91,100,15.01,light rain
247,Kokomo,US,40.4864,-86.1336,68.36,85,1,3.44,mist
248,Fortuna,US,40.5982,-124.1573,63.19,64,96,1.99,overcast clouds
249,Asyut,EG,27.181,31.1837,71.78,60,0,9.62,clear sky
250,Najran,SA,17.4924,44.1277,75.85,50,92,3.76,overcast clouds
251,Tevaitoa,PF,-16.7833,-151.5,78.24,70,2,3.29,clear sky
252,Vila,PT,42.0304,-8.1588,55.74,91,100,3.13,overcast clouds
253,Baillif,GP,16.0202,-61.7463,80.64,78,84,11.9,broken clouds
254,Nortelandia,BR,-14.4547,-56.8028,75.96,85,97,1.99,overcast clouds
255,Karabulak,RU,43.3036,44.8964,43.79,88,91,3.6,overcast clouds
256,Sol-Iletsk,RU,51.1631,54.9918,38.25,71,2,8.19,clear sky
257,Goderich,CA,43.7501,-81.7165,66.9,88,34,9.22,scattered clouds
258,Bowen,AU,-20.0167,148.2333,80.82,64,69,14.14,broken clouds
259,Viedma,AR,-40.8135,-62.9967,55.18,50,0,13.62,clear sky
260,Mayo,US,38.8876,-76.5119,73.13,84,90,0.0,overcast clouds
261,Saint-Pierre,RE,-21.3393,55.4781,69.48,78,75,13.8,broken clouds
262,Zhicheng,CN,30.2956,111.5047,67.46,71,86,4.43,light rain
263,Qaqortoq,GL,60.7167,-46.0333,37.9,54,0,3.96,clear sky
264,Voskresenskoye,RU,56.8381,45.4317,36.52,87,100,5.06,overcast clouds
265,Airai,TL,-8.9266,125.4092,78.26,29,6,5.68,clear sky
266,San Francisco Del Mar,MX,16.2333,-94.65,77.68,76,81,28.14,broken clouds
267,Santa Maria,BR,-29.6842,-53.8069,63.7,72,75,12.66,broken clouds
268,Chiredzi,ZW,-21.05,31.6667,68.02,59,0,4.32,clear sky
269,Waingapu,ID,-9.6567,120.2641,84.51,56,45,4.68,scattered clouds
270,Mount Gambier,AU,-37.8333,140.7667,62.51,77,40,10.36,scattered clouds
271,Mizdah,LY,31.4451,12.9801,62.83,81,5,9.42,clear sky
272,Alegrete,BR,-29.7831,-55.7919,62.82,70,100,15.84,overcast clouds
273,Safford,US,32.834,-109.7076,90.07,23,1,3.44,clear sky
274,Sigulda,LV,57.1519,24.8647,35.76,86,100,4.52,overcast clouds
275,Dharmavaram,IN,14.4333,77.7167,75.47,83,100,10.0,overcast clouds
276,Sioux City,US,42.5,-96.4003,74.86,53,1,5.75,clear sky
277,Baykit,RU,61.67,96.37,38.14,98,100,9.86,light rain
278,Hambantota,LK,6.1241,81.1185,79.14,100,20,8.05,few clouds
279,Basco,PH,20.4487,121.9702,83.21,81,86,17.47,overcast clouds
280,Egvekinot,RU,66.3167,-179.1667,23.34,83,100,14.27,overcast clouds
281,Chicama,PE,-7.8447,-79.1469,59.54,85,50,6.4,scattered clouds
282,Severo-Kurilsk,RU,50.6789,156.125,46.76,79,30,15.41,light rain
283,Vao,NC,-22.6667,167.4833,69.69,63,99,12.71,overcast clouds
284,Karpathos,GR,35.507,27.2132,67.96,77,0,2.3,clear sky
285,Tefe,BR,-3.3542,-64.7114,73.54,94,18,0.27,few clouds
286,Kabo,CF,7.6994,18.629,72.28,94,96,2.93,overcast clouds
287,Iranshahr,IR,27.2025,60.6848,77.34,15,0,4.61,clear sky
288,Tutoia,BR,-2.7619,-42.2744,79.88,83,29,11.54,scattered clouds
289,Lodwar,KE,3.1191,35.5973,84.78,44,70,6.49,broken clouds
290,Mercedes,AR,-34.6515,-59.4307,55.85,71,7,7.61,clear sky
291,Zhezkazgan,KZ,47.8043,67.7144,37.0,63,12,9.4,few clouds
292,Te Anau,NZ,-45.4167,167.7167,57.51,57,25,1.92,scattered clouds
293,Talnakh,RU,69.4865,88.3972,26.98,92,100,3.06,overcast clouds
294,Chateaubelair,VC,13.2833,-61.25,79.41,82,100,9.33,overcast clouds
295,Ambagarh Chauki,IN,20.7833,80.7167,74.86,84,23,1.99,few clouds
296,Tiksi,RU,71.6872,128.8694,23.99,70,100,11.88,overcast clouds
297,Buala,SB,-8.145,159.5921,85.17,70,94,7.25,light rain
298,Port Blair,IN,11.6667,92.75,77.04,94,90,9.22,mist
299,Farmington,US,36.7281,-108.2187,70.48,30,75,3.44,broken clouds
300,Half Moon Bay,US,37.4636,-122.4286,63.86,71,40,18.41,scattered clouds
301,Erenhot,CN,43.6475,111.9767,48.36,61,100,26.98,overcast clouds
302,Zharkent,KZ,44.1628,80.0,40.01,31,15,1.5,few clouds
303,Labuhan,ID,-6.8844,112.2051,83.98,59,59,11.32,broken clouds
304,Shimoda,JP,34.6667,138.95,75.56,70,37,9.55,scattered clouds
305,Bandarbeyla,SO,9.4942,50.8122,78.15,83,50,18.34,scattered clouds
306,Rocha,UY,-34.4833,-54.3333,44.73,71,97,4.45,overcast clouds
307,Paris,FR,48.8534,2.3488,53.38,91,0,1.01,clear sky
308,Cherskiy,RU,68.75,161.3,10.56,90,53,3.31,broken clouds
309,Morondava,MG,-20.2833,44.2833,75.24,69,97,3.18,overcast clouds
310,Kuah,MY,6.3265,99.8432,78.8,94,20,2.3,few clouds
311,Huarmey,PE,-10.0681,-78.1522,64.51,88,70,10.67,broken clouds
312,Marrakesh,MA,31.6315,-8.0083,68.07,68,0,5.75,clear sky
313,Mapimi,MX,25.8167,-103.85,84.97,22,0,3.87,clear sky
314,Guhagar,IN,17.4842,73.1929,76.17,94,94,4.97,overcast clouds
315,Ucluelet,CA,48.9329,-125.5528,59.09,78,7,6.31,clear sky
316,Necochea,AR,-38.5473,-58.7368,47.03,83,18,9.44,few clouds
317,Malinovskiy,RU,61.1953,62.8397,39.02,66,95,13.09,overcast clouds
318,Bambanglipuro,ID,-7.95,110.2833,66.6,68,28,6.76,scattered clouds
319,Chokurdakh,RU,70.6333,147.9167,17.06,96,100,6.64,overcast clouds
320,Veraval,IN,20.9,70.3667,81.91,81,100,3.29,overcast clouds
321,Namikupa,TZ,-10.8333,39.6,63.37,96,7,1.63,clear sky
322,Cabedelo,BR,-6.9811,-34.8339,77.67,83,100,12.12,overcast clouds
323,Port-Gentil,GA,-0.7193,8.7815,77.95,89,100,15.41,moderate rain
324,Hithadhoo,MV,-0.6,73.0833,82.42,71,100,7.18,overcast clouds
325,Iquique,CL,-20.2208,-70.1431,60.84,82,61,3.8,broken clouds
326,Axim,GH,4.8699,-2.2405,77.36,91,100,6.24,overcast clouds
327,Ahipara,NZ,-35.1667,173.1667,61.11,61,43,10.83,scattered clouds
328,Port Hardy,CA,50.6996,-127.4199,53.78,71,75,9.22,broken clouds
329,Svetlyy,RU,54.675,20.1347,30.25,62,0,6.76,clear sky
330,Bathsheba,BB,13.2167,-59.5167,81.21,83,40,14.97,scattered clouds
331,Svetlaya,RU,46.5389,138.3297,57.22,43,0,4.81,clear sky
332,Saurimo,AO,-9.6608,20.3916,67.21,77,5,2.8,clear sky
333,Broome,US,42.2506,-75.833,66.0,79,40,1.01,scattered clouds
334,Seymchan,RU,62.8833,152.4333,24.75,56,25,3.8,scattered clouds
335,Mantua,IT,45.1667,10.7833,61.29,73,97,4.0,overcast clouds
336,Borovoy,RU,55.4333,86.0833,40.28,93,40,13.42,scattered clouds
337,Nouakchott,MR,18.0858,-15.9785,80.53,71,100,4.65,overcast clouds
338,Bor,RU,56.3567,44.0669,30.13,80,36,5.01,scattered clouds
339,Qui Nhon,VN,13.7667,109.2333,80.62,77,70,13.91,broken clouds
340,Katherine,AU,-14.4667,132.2667,88.12,51,6,6.91,clear sky
341,Pisco,PE,-13.7,-76.2167,63.01,82,0,16.11,clear sky
342,Ceyhan,TR,37.0247,35.8175,61.14,22,0,4.92,clear sky
343,Scarborough,GB,54.2797,-0.4044,61.52,90,31,7.31,scattered clouds
344,Hirara,JP,24.8,125.2833,84.06,78,40,16.11,scattered clouds
345,Newport,GB,51.5877,-2.9984,60.85,91,99,4.29,overcast clouds
346,Jalu,LY,29.0331,21.5482,73.81,28,0,9.82,clear sky
347,San Policarpo,PH,12.1791,125.5072,74.64,94,100,18.9,overcast clouds
348,Aksu,CN,41.1231,80.2644,43.03,56,2,5.14,clear sky
349,Corrales,US,35.2378,-106.6067,79.84,27,1,1.01,clear sky
350,Leningradskiy,RU,69.3833,178.4167,25.09,93,100,1.19,overcast clouds
351,Conceicao Da Barra,BR,-18.5933,-39.7322,72.55,74,100,8.79,overcast clouds
352,Ambatondrazaka,MG,-17.8333,48.4167,59.49,86,96,5.73,overcast clouds
353,Inirida,CO,3.8653,-67.9239,74.34,94,40,2.84,scattered clouds
354,Tura,IN,25.5198,90.2201,74.46,90,6,2.44,clear sky
355,Bousso,TD,10.4795,16.7117,77.61,77,100,4.05,overcast clouds
356,Majene,ID,-3.5403,118.9707,82.08,77,100,8.97,overcast clouds
357,Luganville,VU,-15.5333,167.1667,80.11,82,100,11.95,overcast clouds
358,Hillsborough,US,37.5741,-122.3794,62.71,72,75,3.0,broken clouds
359,Ngaoundere,CM,7.3167,13.5833,65.1,95,98,2.53,overcast clouds
360,Sitka,US,57.0531,-135.33,46.29,76,90,12.66,moderate rain
361,Wawa,NG,9.9022,4.4192,77.85,80,100,4.07,overcast clouds
362,Muros,ES,42.7762,-9.0603,64.83,74,97,3.6,overcast clouds
363,Iqaluit,CA,63.7506,-68.5145,35.33,87,75,18.99,broken clouds
364,Hamilton,US,39.1834,-84.5333,70.77,88,1,3.44,clear sky
365,Port Lavaca,US,28.615,-96.6261,79.3,78,1,4.61,clear sky
366,Bonavista,CA,48.6499,-53.1147,47.12,80,89,40.58,light rain
367,Verkhnyaya Balkariya,RU,43.1279,43.4573,32.92,62,42,5.21,scattered clouds
368,Severo-Yeniseyskiy,RU,60.3725,93.0408,36.75,96,100,15.66,overcast clouds
369,Zabol,AF,32.25,67.25,57.79,28,0,7.2,clear sky
370,Payo,ID,-3.7508,103.6372,81.01,72,16,0.22,few clouds
371,Guilin,CN,25.2819,110.2864,68.11,90,100,8.79,light rain
372,Santa Cruz Cabralia,BR,-16.2781,-39.0247,75.43,83,75,8.05,broken clouds
373,Impfondo,CG,1.6381,18.0667,72.05,91,100,1.68,overcast clouds
374,Yanam,IN,16.7333,82.2167,82.8,94,100,2.51,overcast clouds
375,Brownwood,US,31.7093,-98.9912,83.52,36,1,8.05,clear sky
376,Caconda,AO,-13.7333,15.0667,65.3,70,49,1.72,scattered clouds
377,Lima,PE,-12.0432,-77.0282,59.4,75,90,14.97,overcast clouds
378,Aykhal,RU,66.0,111.5,32.41,93,100,23.89,overcast clouds
379,Thinadhoo,MV,0.5333,72.9333,82.96,70,100,11.3,overcast clouds
380,Onguday,RU,50.75,86.15,24.3,92,31,3.11,scattered clouds
381,Guerrero Negro,MX,27.9769,-114.0611,73.08,75,2,21.21,clear sky
382,Kupang,ID,-10.1667,123.5833,85.89,58,90,7.56,overcast clouds
383,Nampula,MZ,-15.1165,39.2666,66.15,88,40,4.61,scattered clouds
384,Oeiras Do Para,BR,-2.0031,-49.8544,77.7,81,87,4.68,overcast clouds
385,Karak,JO,31.1667,35.75,59.72,78,0,3.87,clear sky
386,Dinghai,CN,26.2847,119.7936,81.52,85,100,19.84,overcast clouds
387,Mana,GF,5.6592,-53.7767,80.26,83,96,10.51,overcast clouds
388,Grajau,BR,-5.8194,-46.1386,82.67,59,5,3.89,clear sky
389,Sidhauli,IN,27.2833,80.8333,75.09,73,0,2.51,clear sky
390,Kavarskas,LT,55.4333,24.9167,36.93,74,2,3.89,clear sky
391,Ewa Beach,US,21.3156,-158.0072,84.15,50,40,25.99,scattered clouds
392,Xochistlahuaca,MX,16.7833,-98.25,74.97,95,100,2.15,overcast clouds
393,Yabrud,SY,33.9674,36.6574,60.53,35,0,0.85,clear sky
394,Sinop,TR,41.7711,34.8709,51.67,81,100,6.53,overcast clouds
395,Halifax,CA,44.6453,-63.5724,48.99,79,5,6.91,clear sky
396,Danilovka,RU,50.3557,44.1168,36.97,59,78,4.43,broken clouds
397,Kang,BW,-23.6752,22.7876,65.68,13,0,4.43,clear sky
398,Cabo San Lucas,MX,22.8909,-109.9124,94.3,66,1,4.43,clear sky
399,Tukrah,LY,32.5341,20.5791,71.71,70,0,6.33,clear sky
400,Seydi,TM,39.4816,62.9137,44.01,26,4,9.73,clear sky
401,Yulara,AU,-25.2406,130.9889,84.04,26,73,10.36,broken clouds
402,Manaquiri,BR,-3.3167,-60.35,82.85,96,100,2.59,light rain
403,Manzanillo,CU,20.3433,-77.1167,78.03,84,59,8.32,light rain
404,Paita,PE,-5.0892,-81.1144,65.08,85,49,14.34,scattered clouds
405,Cuamba,MZ,-14.8031,36.5372,65.41,38,0,0.83,clear sky
406,Upington,ZA,-28.4478,21.2561,59.38,26,0,6.91,clear sky
407,Esmeraldas,BR,-19.7625,-44.3139,70.11,89,99,7.14,overcast clouds
408,Uaua,BR,-9.8414,-39.4817,76.57,54,86,16.51,overcast clouds
409,Danielskuil,ZA,-28.1887,23.5395,55.58,12,4,6.53,clear sky
410,Salalah,OM,17.0151,54.0924,78.89,83,20,3.44,few clouds
411,Eyl,SO,7.9803,49.8164,77.45,81,100,13.0,overcast clouds
412,Palana,RU,59.1167,159.9667,35.1,60,44,12.5,scattered clouds
413,Ryotsu,JP,38.0833,138.4333,73.36,68,75,11.41,broken clouds
414,Saint-Louis,SN,16.3333,-15.0,83.84,53,100,8.21,overcast clouds
415,Mugla,TR,37.2303,28.3557,50.67,53,0,1.16,clear sky
416,Atascocita,US,29.9988,-95.1766,82.98,68,40,1.01,scattered clouds
417,Am Timan,TD,11.0297,20.2827,77.76,66,100,3.44,overcast clouds
418,Vicuna,CL,-30.0319,-70.7081,49.73,69,0,1.16,clear sky
419,Orlik,RU,52.5178,99.825,22.96,68,21,4.56,few clouds
420,Tessalit,ML,20.1986,1.0114,81.82,11,0,8.5,clear sky
421,Marystown,CA,47.1666,-55.1483,46.85,100,75,15.01,broken clouds
422,Yuxia,CN,34.0615,108.6291,56.01,97,100,4.38,light rain
423,West Bay,KY,19.3667,-81.4167,86.07,76,20,1.01,few clouds
424,Quimper,FR,48.0,-4.1,54.16,93,0,2.3,clear sky
425,Pimentel,PE,-6.8367,-79.9342,63.88,89,33,13.44,scattered clouds
426,Yar-Sale,RU,66.8333,70.8333,33.91,76,100,17.2,overcast clouds
427,Naziya,RU,59.8,31.3833,50.56,1,100,7.87,light rain
428,Doha,QA,25.2867,51.5333,87.78,62,0,9.22,clear sky
429,Kandrian,PG,-6.2167,149.55,84.06,74,97,5.44,light rain
430,Laurel,US,39.0993,-76.8483,72.48,83,90,0.0,overcast clouds
431,Ust-Ilimsk,RU,58.0006,102.6619,35.6,96,100,11.39,light rain
432,Maldonado,UY,-34.6667,-54.9167,49.39,68,100,5.35,overcast clouds
433,Gazojak,TM,41.1875,61.4036,41.34,49,0,9.33,clear sky
434,Alofi,NU,-19.0595,-169.9187,80.49,74,9,12.66,clear sky
435,Nouadhibou,MR,20.931,-17.0347,76.98,65,100,20.71,dust
436,Adrar,MR,20.5022,-10.0711,86.41,9,93,6.31,overcast clouds
437,Grand-Santi,GF,4.25,-54.3833,77.54,76,100,1.54,overcast clouds
438,Celestun,MX,20.8667,-90.4,82.08,79,100,12.66,overcast clouds
439,Touros,BR,-5.1989,-35.4608,81.5,79,100,12.82,overcast clouds
440,San Anselmo,US,37.9747,-122.5616,64.74,69,1,1.99,clear sky
441,Morant Bay,JM,17.8815,-76.4093,85.62,84,60,7.43,broken clouds
442,Muisne,EC,0.6,-80.0333,73.83,82,100,7.29,overcast clouds
443,Camargo,MX,27.6667,-105.1667,79.74,24,0,7.85,clear sky
444,Georgiyevskoye,RU,58.731,45.024,42.08,84,100,5.12,overcast clouds
445,Pind Dadan Khan,PK,32.5879,73.0456,75.74,54,0,4.14,clear sky
446,Lishan,CN,31.8576,113.2951,65.1,79,96,6.33,overcast clouds
447,Chipinge,ZW,-20.1883,32.6236,62.19,67,0,3.06,clear sky
448,Los Llanos De Aridane,ES,28.6585,-17.9182,67.75,74,40,11.5,scattered clouds
449,Bimbo,CF,4.2567,18.4158,76.93,94,0,0.0,clear sky
450,Burgeo,CA,47.6167,-57.6152,44.33,67,5,24.23,clear sky
451,Lompoc,US,34.6391,-120.4579,68.38,62,1,12.66,clear sky
452,Along,IN,28.1667,94.7667,72.18,94,33,0.92,scattered clouds
453,Havre-Saint-Pierre,CA,50.2334,-63.5986,46.4,87,1,5.75,clear sky
454,Port Macquarie,AU,-31.4333,152.9167,82.38,53,0,11.21,clear sky
455,Rio Rancho,US,35.2334,-106.6645,78.94,27,1,1.01,clear sky
456,Key West,US,24.5557,-81.7826,86.0,68,1,8.05,clear sky
457,Feijo,BR,-8.1642,-70.3536,77.13,81,100,4.16,moderate rain
458,Anage,BR,-14.6122,-41.1356,76.78,65,91,7.78,overcast clouds
459,Vestmannaeyjar,IS,63.4427,-20.2734,48.83,87,1,16.08,clear sky
460,Thabazimbi,ZA,-24.5917,27.4116,68.58,49,0,1.28,clear sky
461,Hay River,CA,60.8156,-115.7999,48.18,53,75,4.61,broken clouds
462,Goya,AR,-29.14,-59.2626,66.27,56,100,8.41,overcast clouds
463,Oyem,GA,1.5995,11.5793,67.98,99,100,1.99,light rain
464,Tabou,CI,4.423,-7.3528,76.98,88,100,7.05,overcast clouds
465,Loveland,US,40.3978,-105.075,74.79,47,75,3.0,moderate rain
466,Xucheng,CN,20.35,110.1288,79.5,91,100,18.72,moderate rain
467,Pasni,PK,25.2631,63.471,79.72,82,0,0.69,clear sky
468,Evensk,RU,61.95,159.2333,29.23,46,21,1.28,few clouds
469,Pitea,SE,65.3172,21.4794,39.29,92,38,4.54,scattered clouds
470,Autun,FR,46.95,4.3,48.65,95,13,3.89,few clouds
471,Mglin,RU,53.0591,32.8475,35.6,79,0,5.17,clear sky
472,Beldanga,IN,23.9333,88.25,83.17,73,100,3.71,overcast clouds
473,Carutapera,BR,-1.195,-46.02,78.93,84,100,6.46,overcast clouds
474,Tingi,TZ,-11.3,35.0333,63.91,56,5,2.55,clear sky
475,La Sarre,CA,48.8002,-79.1996,57.47,81,96,5.17,overcast clouds
476,Makurdi,NG,7.7411,8.5121,76.17,93,100,3.89,light rain
477,Presidencia Roque Saenz Pena,AR,-26.7852,-60.4388,68.92,72,100,8.55,overcast clouds
478,Oistins,BB,13.0667,-59.5333,80.69,83,40,14.97,scattered clouds
479,Lethem,GY,3.3803,-59.7968,77.18,86,100,4.79,overcast clouds
480,Nha Trang,VN,12.25,109.1833,84.2,87,100,5.3,overcast clouds
481,Soria,ES,41.6667,-2.6667,46.85,52,0,2.13,clear sky
482,Yenagoa,NG,4.9247,6.2642,75.99,94,100,4.05,light rain
483,Anadyr,RU,64.75,177.4833,32.5,93,90,8.95,light snow
484,Emerald,AU,-23.5333,148.1667,80.74,47,0,9.22,clear sky
485,Glyadyanskoye,RU,54.9075,65.0883,34.11,69,0,7.43,clear sky
486,Knysna,ZA,-34.0363,23.0471,62.98,85,77,9.4,broken clouds
487,Bykovo,RU,55.6361,38.0803,34.56,93,20,0.0,mist
488,Inta,RU,66.0317,60.1659,33.8,79,53,21.9,broken clouds
489,Waipawa,NZ,-41.4122,175.5153,61.43,64,96,10.22,overcast clouds
490,Kankon,IN,15.0167,74.0167,76.8,87,100,4.9,overcast clouds
491,Avenal,US,36.0041,-120.129,71.65,27,0,6.4,clear sky
492,Bonthe,SL,7.5264,-12.505,77.68,88,100,6.31,light rain
493,Rio Pomba,BR,-21.2747,-43.1792,63.45,89,100,3.42,overcast clouds
494,Aranos,NA,-24.1333,19.1167,60.35,12,0,9.69,clear sky
495,Whyalla,AU,-33.0333,137.5833,69.69,32,7,13.8,clear sky
496,Dongying,CN,37.4564,118.4856,65.52,84,92,1.72,overcast clouds
497,Xapuri,BR,-10.6517,-68.5044,79.81,70,100,3.71,overcast clouds
498,Brive-La-Gaillarde,FR,45.25,1.5,48.83,43,0,2.26,clear sky
499,Dunedin,NZ,-45.8742,170.5036,51.44,88,100,7.09,overcast clouds
500,Saint-Augustin,CA,51.226,-58.6502,40.93,80,20,10.04,few clouds
501,Cortez,US,37.3489,-108.5859,66.52,39,40,10.36,scattered clouds
502,Ust-Kut,RU,56.7938,105.7672,35.46,97,100,6.98,light rain
503,Skibbereen,IE,51.55,-9.2667,58.8,98,100,16.06,overcast clouds
504,Sao Filipe,CV,14.8961,-24.4956,79.74,80,42,4.23,scattered clouds
505,Ulladulla,AU,-35.35,150.4667,76.87,34,74,2.77,broken clouds
506,Aswan,EG,24.0934,32.907,79.9,27,0,11.5,clear sky
507,Nueve De Julio,AR,-35.4444,-60.8831,51.19,74,49,7.09,scattered clouds
508,Huacho,PE,-11.1067,-77.605,63.45,88,42,11.86,scattered clouds
509,Ambilobe,MG,-13.2,49.05,70.86,68,9,5.48,clear sky
510,Menongue,AO,-14.6585,17.691,64.51,69,39,1.68,scattered clouds
511,Zyryanka,RU,65.75,150.85,24.87,57,74,3.04,broken clouds
512,Sao Felix Do Xingu,BR,-6.6447,-51.995,80.76,45,80,1.63,broken clouds
513,Saldanha,ZA,-33.0117,17.9442,55.45,85,47,7.99,scattered clouds
514,Valparaiso,CL,-33.0393,-71.6273,53.24,82,0,4.61,clear sky
515,Kununurra,AU,-15.7667,128.7333,91.38,38,4,8.05,clear sky
516,Jiuquan,CN,39.7432,98.5174,34.05,58,7,0.74,clear sky
517,Esil,KZ,51.9556,66.4042,38.82,69,0,5.39,clear sky
518,Hibbing,US,47.4272,-92.9377,63.9,82,90,5.75,overcast clouds
519,Turayf,SA,31.6725,38.6637,68.25,32,0,16.11,clear sky
520,Alice Springs,AU,-23.7,133.8833,90.95,17,0,12.66,clear sky
521,Waw,SS,7.7029,27.9953,72.97,86,41,2.86,scattered clouds
522,Amlame,TG,7.4667,0.9,72.59,95,100,0.83,moderate rain
523,Shenjiamen,CN,29.9576,122.298,78.71,83,0,12.91,clear sky
524,Wajima,JP,37.4,136.9,70.48,88,75,10.36,broken clouds
525,Puerto Del Rosario,ES,28.5004,-13.8627,73.15,73,100,10.36,overcast clouds
526,Vrangel,RU,42.7297,133.0839,61.56,58,25,8.25,scattered clouds
527,Salo,IT,45.6086,10.531,60.33,79,100,3.83,overcast clouds
528,Pacific Grove,US,36.6177,-121.9166,63.9,71,40,5.99,scattered clouds
529,Vardo,NO,70.3705,31.1107,37.8,64,100,4.05,overcast clouds
530,Road Town,VG,18.4167,-64.6167,83.19,70,100,15.03,overcast clouds
531,Srednekolymsk,RU,67.45,153.6833,19.18,78,74,3.22,broken clouds
532,Rosarito,MX,32.3333,-117.0333,69.64,69,98,10.83,overcast clouds
533,Henties Bay,NA,-22.116,14.2845,53.85,90,0,9.78,clear sky
534,Erzurum,TR,40.0,41.5,38.88,64,0,3.4,clear sky
535,Barreirinha,BR,-2.7933,-57.07,79.72,76,100,2.98,overcast clouds
536,Juneau,US,58.3019,-134.4197,44.65,94,90,5.99,moderate rain
537,Hastings,GB,50.8552,0.5729,54.32,99,8,8.05,clear sky
538,San Andres,CO,12.5847,-81.7006,84.22,74,20,10.36,few clouds
539,Imbituba,BR,-28.24,-48.6703,62.82,84,100,10.8,light rain
540,Tolu,CO,9.5239,-75.5814,79.32,88,95,6.04,overcast clouds
541,Pulaski,US,34.7668,-92.3001,80.91,61,40,8.01,scattered clouds
542,Marzuq,YE,14.4,46.4667,73.78,68,88,2.28,overcast clouds
543,Muli,MV,2.9167,73.5667,83.53,69,100,15.05,overcast clouds
544,Nuqui,CO,5.7125,-77.2708,77.49,89,100,2.82,moderate rain
545,Polyarnyy,RU,69.1989,33.4478,30.67,78,80,0.29,broken clouds
546,Salta,AR,-24.7859,-65.4117,72.19,53,40,1.01,scattered clouds
547,Havoysund,NO,70.9963,24.6622,36.48,74,100,11.88,overcast clouds
548,Khasan,RU,42.4308,130.6434,62.4,65,100,8.05,overcast clouds
549,Piacabucu,BR,-10.4056,-36.4344,76.6,79,94,10.16,overcast clouds
550,Hearst,CA,49.6835,-83.6665,62.85,83,100,4.21,overcast clouds
551,Ayna,PE,-12.65,-73.9167,61.81,88,77,0.72,broken clouds
552,Breclav,CZ,48.759,16.882,47.86,62,38,5.19,scattered clouds
553,Takhtamygda,RU,54.1,123.5667,37.98,60,100,1.99,overcast clouds
554,Santa Lucia,ES,27.9117,-15.5407,65.52,76,20,17.27,few clouds
555,Birjand,IR,32.8663,59.2211,50.47,27,0,6.91,clear sky
556,Salyan,AZ,39.5936,48.9805,54.97,53,100,7.72,overcast clouds
557,Vila Franca Do Campo,PT,37.7167,-25.4333,68.2,84,5,6.6,clear sky
558,Jawhar,SO,2.7809,45.5005,76.35,75,41,11.72,scattered clouds
559,Pimenteiras,BR,-6.2453,-41.4192,86.67,35,100,4.92,overcast clouds
560,Matara,LK,5.9485,80.5353,78.39,87,100,9.51,overcast clouds
561,Gravdal,NO,68.1214,13.5031,51.1,92,100,16.87,overcast clouds
562,Great Yarmouth,GB,52.6083,1.7305,56.95,81,8,6.64,clear sky
563,Nhulunbuy,AU,-12.2333,136.7667,86.61,62,40,10.36,scattered clouds
564,Biltine,TD,14.5333,20.9167,82.33,20,100,6.53,overcast clouds
565,Korla,CN,41.7597,86.1469,40.26,42,0,4.56,clear sky
566,Pouebo,NC,-20.4,164.5667,78.93,50,1,9.73,clear sky
567,Pagudpud,PH,18.5616,120.7868,80.56,69,100,7.54,overcast clouds
568,Rio Cuarto,AR,-33.1307,-64.3499,58.77,47,20,12.66,few clouds
569,Petropavlovsk-Kamchatskiy,RU,53.0452,158.6483,45.19,46,0,6.71,clear sky
570,Kyzyl-Suu,KG,42.3414,78.0056,40.78,53,56,6.8,broken clouds
571,Broken Hill,AU,-31.95,141.4333,78.51,14,0,5.75,clear sky
572,Olafsvik,IS,64.8945,-23.7142,44.98,90,100,20.69,overcast clouds
573,Komsomolskiy,UZ,40.4272,71.7189,51.22,71,9,4.61,clear sky
574,Tahe,CN,52.3333,124.7333,43.23,76,100,1.3,overcast clouds
575,Zsombo,HU,46.3257,19.9746,46.09,63,100,4.0,overcast clouds
576,Indianola,US,41.3581,-93.5574,75.74,64,63,5.86,broken clouds
577,Ekhabi,RU,53.5102,142.9671,46.36,64,97,18.86,overcast clouds
578,Xilitla,MX,21.3333,-98.9667,68.54,95,69,0.89,broken clouds
579,Jacareacanga,BR,-6.2222,-57.7528,76.06,87,21,2.06,few clouds
580,Qazvin,IR,36.2797,50.0049,46.74,67,4,10.0,clear sky
581,Prince George,CA,53.9166,-122.753,53.04,58,90,11.5,overcast clouds
582,Coari,BR,-4.085,-63.1414,76.84,85,79,2.01,broken clouds
583,Abu Samrah,SY,35.3029,37.1841,67.08,28,0,2.15,clear sky
584,Filadelfia,US,39.9523,-75.1638,70.05,84,40,5.75,scattered clouds
585,Salinas,US,36.6777,-121.6555,64.29,62,20,16.11,few clouds
586,Billings,US,45.7833,-108.5007,60.57,41,75,9.22,broken clouds
587,Margate,GB,51.3813,1.3862,56.91,74,9,1.01,clear sky
588,Nemuro,JP,43.3236,145.575,63.03,66,0,8.12,clear sky
589,Karasjok,NO,69.4719,25.5112,32.11,98,100,4.03,overcast clouds
590,Batagay-Alyta,RU,67.8006,130.4114,17.62,64,100,4.74,overcast clouds
591,Osterhofen,DE,48.7,13.0167,47.95,69,0,4.97,clear sky
592,Bubaque,GW,11.2833,-15.8333,83.03,80,100,10.29,overcast clouds
593,Oksfjord,NO,70.2396,22.3479,36.52,89,100,5.86,overcast clouds
594,Kargat,RU,55.1956,80.2811,39.07,80,1,16.53,clear sky
595,Yavaros,MX,26.7,-109.5167,97.45,46,0,17.65,clear sky
596,Praia Da Vitoria,PT,38.7333,-27.0667,68.25,83,20,7.76,few clouds
597,Ayagoz,KZ,47.9714,80.4392,31.86,50,0,8.01,clear sky
598,Benguela,AO,-12.5763,13.4055,71.69,81,17,4.61,few clouds
599,Kalmunai,LK,7.4167,81.8167,79.72,77,100,5.32,overcast clouds
600,Romanovo,RU,52.6182,81.2271,36.79,87,3,13.42,clear sky
601,Gazanjyk,TM,39.2446,55.5154,48.51,37,3,4.94,clear sky
602,Labuan,MY,5.2767,115.2417,84.36,78,20,1.99,few clouds
603,Trairi,BR,-3.2778,-39.2689,79.75,78,98,10.8,overcast clouds
604,Haines Junction,CA,60.7522,-137.5108,42.75,61,57,5.75,broken clouds
605,Bilibino,RU,68.0546,166.4372,12.43,91,67,0.81,broken clouds
606,Sur,OM,22.5667,59.5289,82.17,49,2,6.15,clear sky
607,Miguel Auza,MX,24.2933,-103.4503,66.63,42,0,6.53,clear sky
608,Dolores,AR,-36.3132,-57.6792,44.69,72,3,7.2,clear sky
609,Ypsonas,CY,34.6884,32.9574,68.76,52,0,5.75,clear sky
610,Toamasina,MG,-18.1667,49.3833,66.2,94,75,5.75,light rain
611,Tanggu,CN,39.0211,117.6469,55.36,82,100,2.17,moderate rain
612,Katobu,ID,-4.9408,122.5276,87.24,54,58,1.68,broken clouds
613,Qianan,CN,44.9932,124.0581,60.1,64,98,17.72,overcast clouds
614,Sanghar,PK,26.0466,68.9481,78.87,53,0,11.12,clear sky
615,Belaya Gora,RU,68.5333,146.4167,21.51,67,100,0.89,overcast clouds
616,Dawson Creek,CA,55.7666,-120.2362,49.64,43,1,16.11,clear sky
617,Lake Cowichan,CA,48.825,-124.0546,53.62,72,76,1.03,broken clouds
618,Pudozh,RU,61.8099,36.5345,46.06,94,100,9.4,light rain
619,Eureka,US,40.8021,-124.1637,62.74,70,94,1.01,overcast clouds
620,Eyemouth,GB,55.8713,-2.0901,58.33,88,76,7.0,broken clouds
621,Matagami,CA,49.7502,-77.6328,59.11,77,1,2.3,clear sky
622,Platanos,GR,37.6667,21.6167,66.07,85,16,5.57,few clouds
623,Itapirapua,BR,-15.8233,-50.6133,81.43,58,100,11.3,overcast clouds
624,Ternate,ID,0.8,127.4,83.91,75,43,7.07,light rain
625,Russell,US,32.3502,-85.1999,74.48,89,1,0.0,clear sky
626,Dingle,PH,10.9995,122.6711,76.71,87,100,2.08,overcast clouds
627,Colborne,CA,44.0001,-77.8828,63.59,74,65,8.08,broken clouds
628,Juanjui,PE,-7.1779,-76.7314,77.59,74,100,1.59,overcast clouds
629,Sangar,RU,63.9242,127.4739,26.47,89,100,9.26,light snow
630,Karpogory,RU,64.0019,44.4451,35.98,93,99,5.41,overcast clouds
631,Campos Do Jordao,BR,-22.7394,-45.5914,54.23,97,94,3.15,overcast clouds
632,Kangavar,IR,34.5043,47.9653,51.22,42,0,3.51,clear sky
633,Andenes,NO,69.3143,16.1194,44.58,76,90,12.66,light intensity drizzle
634,Oume,JP,35.7839,139.2431,79.25,81,90,8.05,overcast clouds
635,Entre Rios,BR,-11.9419,-38.0844,67.44,96,39,3.38,scattered clouds
636,Camabatela,AO,-8.1881,15.375,63.7,94,43,2.42,scattered clouds
637,Cape Coast,GH,5.1053,-1.2466,77.85,90,100,7.76,overcast clouds
638,Belmonte,BR,-15.8631,-38.8828,75.7,92,78,7.05,broken clouds
639,Tobermory,CA,45.2501,-81.6665,62.31,93,42,9.73,scattered clouds
640,Shache,CN,38.4167,77.2406,49.6,37,93,6.85,overcast clouds
641,Douentza,ML,14.9951,-2.9517,87.28,17,91,2.44,overcast clouds
642,Qasigiannguit,GL,68.8193,-51.1922,25.05,77,33,5.03,scattered clouds
643,Lincoln,US,40.8,-96.667,80.51,63,1,1.99,clear sky
644,Mattru,SL,7.6244,-11.8332,73.89,98,100,2.62,light rain
645,Malanje,AO,-9.5402,16.341,66.02,89,94,3.53,overcast clouds
646,Roald,NO,62.5833,6.1333,63.16,94,75,2.3,light intensity drizzle
647,Balikpapan,ID,-1.2675,116.8289,81.59,89,20,5.75,few clouds
648,Miri,MY,4.4148,114.0089,84.34,70,20,4.61,few clouds
649,Timizart,DZ,36.8,4.2667,58.39,81,2,3.49,clear sky
650,Burgersdorp,ZA,-30.9977,26.3286,54.27,16,25,2.91,scattered clouds
651,Noyabrsk,RU,63.1994,75.4507,34.63,80,100,24.2,overcast clouds
652,Salinopolis,BR,-0.6136,-47.3561,79.74,86,40,8.57,scattered clouds
653,Paamiut,GL,61.994,-49.6678,35.22,66,0,6.06,clear sky
654,Kolindros,GR,40.4758,22.4808,59.09,100,100,3.58,overcast clouds
655,Yingcheng,CN,30.95,113.55,64.45,76,71,12.37,broken clouds
656,Alihe,CN,50.5667,123.7167,44.44,81,100,2.08,overcast clouds
657,Ingham,US,42.6,-84.3833,66.0,96,90,0.0,moderate rain
658,Yuzhou,CN,34.1628,113.4639,55.67,85,100,2.91,overcast clouds
659,Kultuk,RU,51.7208,103.6956,34.48,82,49,4.9,scattered clouds
660,Micheweni,TZ,-4.9667,39.8333,76.42,84,17,8.61,few clouds
661,Cururupu,BR,-1.8283,-44.8683,76.35,90,98,3.71,overcast clouds
662,Duminichi,RU,53.9345,35.1099,35.78,80,0,1.48,clear sky
663,Santa Ana,US,33.7456,-117.8678,72.73,68,40,1.99,scattered clouds
664,Rawson,AR,-43.3002,-65.1023,63.9,33,88,4.32,overcast clouds
665,Daru,PG,-9.0763,143.2092,82.65,82,84,14.85,broken clouds
666,Sao Jose Da Coroa Grande,BR,-8.8978,-35.1478,76.05,83,98,7.54,overcast clouds
667,Whitehorse,CA,60.7161,-135.0538,39.09,86,90,15.01,light rain
668,Arrifes,PT,37.7667,-25.7,66.24,82,20,6.91,few clouds
669,Ramshir,IR,30.8946,49.4092,69.55,12,0,9.57,clear sky
670,Puquio,PE,-14.7,-74.1333,53.19,73,100,5.53,overcast clouds
671,Kamenka,RU,51.3223,42.7678,37.31,66,83,3.78,broken clouds
672,Tyler,US,32.3513,-95.3011,81.79,66,1,1.01,clear sky
673,Fairbanks,US,64.8378,-147.7164,42.76,77,75,5.75,broken clouds
674,Guanica,PR,17.9716,-66.908,83.05,84,2,4.0,clear sky
675,Banaue,PH,16.9136,121.0618,76.73,70,85,1.83,overcast clouds
676,Zhanaozen,KZ,43.3,52.8,41.13,32,0,8.21,clear sky
677,Bereda,ES,43.2686,-7.5406,54.91,100,100,2.93,overcast clouds
678,Steinbach,DE,50.1667,8.5667,49.51,84,0,9.22,clear sky
679,Sovetskaya Gavan,RU,48.9723,140.2878,53.98,40,10,10.25,clear sky
680,Kismayo,SO,-0.3582,42.5454,77.32,82,6,14.9,clear sky
681,Lasa,IT,46.6166,10.7002,49.08,82,6,1.59,clear sky
682,Itoman,JP,26.1247,127.6694,83.17,85,75,14.97,broken clouds
683,Rio Grande,BR,-32.035,-52.0986,60.94,71,100,13.13,overcast clouds
684,Opuwo,NA,-18.0607,13.84,69.06,27,4,3.85,clear sky
685,Sidi Ali,DZ,36.0998,0.4206,65.19,69,0,7.2,clear sky
686,Ribeira Brava,PT,32.65,-17.0667,72.23,77,99,3.36,overcast clouds
687,Valdivia,CL,-39.8142,-73.2459,48.29,98,0,1.45,clear sky
688,Gao,ML,16.6362,1.637,82.85,10,10,10.78,clear sky
689,Atambua,ID,-9.1061,124.8925,86.34,41,24,1.57,few clouds
690,Sal Rei,CV,16.1833,-22.9167,77.56,82,52,11.21,broken clouds
